latitude,longitude,cluster
37.48766790494911,104.36177874151339,-1
40.00482680544987,116.32249140264787,0
40.01073522895303,116.29686202190423,1
40.006750449712506,116.29680145768349,2
39.99047915560722,116.32571343204829,3
40.004347489579224,116.31211669279847,4
39.97674986227204,116.3325187495669,5
39.99704773250174,116.32222466152446,6
40.079057979373346,116.58780505525425,7
39.99769851237204,116.27100892775398,8
39.98956923962303,116.27229886401699,9
39.909289137610315,116.40516062754364,10
39.91402195126257,116.40315754651601,11
39.89833273095822,116.38825775438565,12
39.937470989030075,116.38820976615249,13
39.93242569902992,116.39017972298036,14
39.932053726002856,116.38490993568209,15
39.762922777288864,116.2972441328909,16
39.99849173350082,116.32169783552366,17
39.99492597797345,116.32092738442978,18
39.907715607535735,116.47234758460672,19
39.95179283886334,116.80183112948694,20
39.94699079224053,116.78315726436223,21
39.8630795632069,116.45665460072412,22
39.94560713967815,116.79491523770719,23
39.90253871167928,116.40972260503848,24
39.94044938751662,116.3471302294478,25
39.99496087429271,116.31830096557756,26
39.9485112627665,116.79851470623608,27
39.93946495806232,116.31570561309152,28
39.93952831889261,116.311368435457,29
39.936767249949895,116.32258891390622,30
40.00526817890027,116.30339001609711,31
40.011501378934035,116.30159512520441,32
39.92223611136446,116.35310974859229,33
39.90876602653328,116.36783953267528,34
31.196622243437123,121.4328311640126,35
31.224985915069976,121.42211790394312,36
31.223264372717228,121.42229634560961,37
31.224092311278195,121.42070798766915,38
31.230838146789914,121.46992193126053,39
31.236823169303673,121.47153807020783,40
31.237392156572703,121.47551743600387,41
31.23898873941064,121.47907850530447,42
39.87310822297337,116.43301601967508,43
39.864660629633164,116.42915049884648,44
39.87925609054656,116.42860250028782,45
39.936754150662836,116.33018436767094,46
39.93707505767117,116.33519715198082,47
39.902380234890416,116.42112061085795,48
40.129240440015,116.48559934231332,49
39.999595686309995,116.33273059007749,50
39.91134505055555,116.42809953166666,51
40.122161880764494,116.18670110431579,52
40.09313325279405,116.08223118326862,53
40.09936613601033,116.07206349766287,54
40.09941871669398,116.07803107198495,55
40.10165143217895,116.08471151732809,56
40.103083804933796,116.08307828235756,57
40.10351046498203,116.09215971319695,58
40.124366886370574,116.1859376909595,59
40.069829081652685,116.31341148506114,60
39.978857367892424,116.30542395367372,61
39.89482270615315,116.31453575174471,62
39.970949402010234,116.31918811393766,63
39.96588061351532,116.31746145499964,64
31.29646663281832,121.54678255381138,65
31.110978940236798,121.0497563628299,66
31.113726059531285,121.05107697945088,67
31.11538212349495,121.04856078543898,68
31.196067279922477,121.34180731306631,69
39.95798827014489,116.36260903480228,70
39.95771964090127,116.35678505522806,71
39.960270136435526,116.3640117799291,72
39.960937954765456,116.35933267326126,73
39.99576833128918,116.30952270204543,74
40.01431574575927,116.30622141604483,75
39.9938420276705,116.19855455525041,76
39.99015641523586,116.19135593765616,77
40.01505099611547,116.31110335320768,78
40.06962781469977,116.32998865428057,79
40.03148178896059,116.31367902937491,80
39.96816701905662,116.32896986567671,81
39.96643349326436,116.36105519066217,82
39.98387529715084,116.3497744691651,83
39.908866755183915,116.40976311390774,84
39.96071463191087,116.4387422589202,85
39.926484053659685,116.33744876478815,86
39.89862047410536,116.37881209649031,87
39.92608963586483,116.33318183117345,88
39.90612497235622,116.2075869480855,89
39.89690374291459,116.20892254214891,90
39.8976597381468,116.3838468758944,91
39.900277059556664,116.24568244582363,92
39.9307863226385,116.34671790233048,93
39.922487630914944,116.33801446462189,94
39.930848202016286,116.33801082488583,95
39.93840308927122,116.33923016367707,96
39.906578625589184,116.30117444893983,97
39.90331574422307,116.2147317603783,98
39.905698681730115,116.34406756163158,99
39.9040127018279,116.36796665703194,100
37.41640422830756,110.77205420761165,101
37.34925034071274,110.73665051920374,102
39.92346758464227,116.34823508070646,103
39.9489666571537,116.34917645676786,104
39.89526223680072,116.41187686463442,105
39.9395735297483,116.30952075708251,106
39.92703225778009,116.3276782643748,107
40.00712435862684,116.19739011899206,108
39.97154596179996,116.31549950177714,109
39.98131716908025,116.32124900707716,110
40.04088242892699,116.30368109317932,111
40.00582369992559,116.34280069759794,112
39.99871413907158,116.30982201157576,113
40.00109841750862,116.31233472111599,114
39.81994658864805,116.27683714096929,115
39.82102637267947,116.28361807886375,116
39.95690227227005,116.42655368259759,117
39.98125145589555,116.38521960958796,118
40.05435017702715,116.60858014723976,119
39.93009813143551,116.42127041514973,120
39.996760602590705,116.29182261450316,121
39.95554476714864,116.31664817841187,122
39.885075565202236,116.43659855079862,123
39.99897504614576,116.33820901039473,124
39.88195489374356,116.4068403129812,125
39.87642151311117,116.40670676332768,126
39.91964587341313,116.36735578157655,127
39.96713000323637,116.34395407207444,128
40.21957541143338,116.25189307885805,129
40.219673758777446,116.23813290561439,130
40.22049563254678,116.2588858434756,131
34.26432094774928,117.20190834002207,132
32.0560704085175,121.27149008868571,133
31.999522200049885,120.8425986067278,134
32.01740798132772,120.86146594542838,135
32.23676205182689,120.75210826743103,136
39.99412311351553,116.44540920580789,137
39.98617925217641,116.44957726723956,138
39.993395724356965,116.44155013713205,139
40.05002541471576,116.30101270420808,140
40.05167804861051,116.40555368342879,141
40.043747096476444,116.41333837398552,142
40.04030331757874,116.41648682736434,143
39.957069345630046,116.30977206663492,144
39.9374419150639,116.36657536194447,145
39.95020673992064,116.36538495892283,146
39.90826465470766,116.3039859231882,147
31.250385608310523,121.45257699639023,148
39.96991313969607,116.41995504238328,149
40.008790236871896,116.32735717894414,150
39.98669601720978,116.38225631325226,151
39.99136543100881,116.38764258952561,152
39.989095928291725,116.38631318764354,153
39.90565487180483,116.3916683109851,154
39.91216020850208,116.39105288781047,155
39.94726216177693,116.31825302744198,156
39.93586994791035,116.426067900963,157
38.92919051819825,121.52940814167606,158
38.9276971685347,121.52796146430167,159
38.91813264686392,121.55208491838344,160
38.90913156855089,121.58287627462114,161
38.91747320594617,121.62837731282013,162
38.951918698233236,121.55369448587517,163
39.944198192296426,116.34681131183785,164
39.98723119441163,116.41671760584889,165
39.950779854279084,116.43948162062959,166
39.959515718382676,116.29616166272318,167
39.9596790332124,116.2985369605185,168
39.974620195475346,116.31951654548192,169
39.91616042422181,116.30520755301946,170
39.90483224983778,116.3026571378619,171
40.05025520023225,116.29217030418873,172
39.966740792521506,116.29731953070724,173
40.035214612000644,116.33045376843661,174
39.92285043589739,116.30016745112829,175
39.9230704947617,116.29413964819342,176
39.92488666494476,116.30441082080004,177
39.90696235133021,116.18638107251279,178
39.947775139669275,116.30363822730298,179
39.96364125811033,116.35997638220776,180
39.9562144809426,116.36464656954738,181
22.162277439225505,113.55322231851315,182
39.85594737253856,116.4111309383646,183
39.96069830811111,116.34018145112559,184
39.951767904890204,116.33798184349352,185
39.8129813655268,116.13841355767416,186
39.98534082585269,116.33314924663212,187
39.98140686125123,116.33518212024079,188
40.090975799283,116.11419664656017,189
40.088304805244846,116.10496034815026,190
39.924626533368794,116.17234662198345,191
40.088983094908755,116.11438355087662,192
39.98207075895063,116.35002257796846,193
39.98007118168342,116.35346250259474,194
39.95178091283132,116.4103023821735,195
39.98540585795506,116.34111959813342,196
39.85047980575357,116.22011811340705,197
39.78692267506309,116.38049487387032,198
39.95413633452971,116.35767879546238,199
39.95301049591746,116.35522679297,200
39.99220242365665,116.41395658510079,201
40.000292707228404,116.41694235789001,202
39.95190907854547,116.31710229536353,203
39.949848216545455,116.31295957257757,204
39.959146605622735,116.3170205698965,205
39.946291681191326,116.36605824820371,206
39.95639061575596,116.35957382987176,207
39.95670084265681,116.36179504110268,208
40.04884692611724,116.28134131412153,209
39.9636618478851,116.36428536688852,210
40.00270290983572,116.34359023797893,211
40.00020000336227,116.34771121840161,212
39.907557283192176,116.24511484087428,213
34.26665158828136,117.20187560445365,214
32.91701833229438,115.86386092335033,215
39.135731723196464,117.20363611691751,216
39.866688715184765,116.35795221994732,217
39.13642957397005,117.21782205760867,218
38.04038848240621,114.48504473133474,219
36.619400107211,101.81185601464058,220
36.38280328543903,94.90609036017874,221
36.526306019064386,102.0377865925521,222
40.052250079739814,116.60933218642779,223
39.896135208130296,116.36871092048155,224
39.965851120954824,116.33883905573563,225
32.00394575798174,119.58685866293081,226
39.86286969028185,116.3736713308645,227
40.40819539831127,116.68677388548822,228
40.356930077272644,116.00238105643965,229
39.93405379022392,116.3494089265133,230
39.93654216968592,116.34843535545004,231
39.85894633265107,116.40730009822799,232
39.97930489673605,116.3602158585798,233
39.864358995714575,116.41584649834839,234
39.97494152759356,116.36284624872243,235
39.97744503577954,116.36300413060478,236
40.06566108064891,116.4054258378786,237
39.97383458904324,116.29746454312578,238
39.975220819550266,116.35379598859788,239
39.98237497583694,116.35220155256856,240
39.93232812112374,116.43133906972851,241
39.94265024414413,116.34890432794244,242
42.53264257346432,125.67863609308932,243
41.992194921568625,128.01949000920513,244
40.2579103646964,117.24236549425277,245
39.9060089917896,116.4903200808133,246
39.648100968296866,118.16279628998907,247
39.64997916662692,118.16115190192346,248
39.623662794512356,118.11278215765238,249
39.50937996623369,118.66477545074473,250
39.34911792526699,118.62290348948977,251
39.954962739434,116.42281872789037,252
39.955680253908675,116.41888114058268,253
39.966948805588544,116.40968543139702,254
39.95908011764632,116.4189250716822,255
40.16729438546943,116.1282370577319,256
39.95022256807111,116.41925635713463,257
39.95546221407627,116.42606299848032,258
39.96097133798237,116.41156991593591,259
39.97215106383404,116.32549747551175,260
39.965459525329486,116.29126653087192,261
39.94787962524622,116.46935102598425,262
39.999929932052936,116.3754107545111,263
40.14754309335079,116.53688576928546,264
39.986448004497355,116.320941439418,265
40.15030865734251,116.53580225241454,266
39.97681843541511,116.31850027341956,267
39.99694119899308,116.37698011164925,268
39.979979208106336,116.31813940443588,269
39.8762136935148,116.39527641180226,270
39.97652180936821,116.37528238295644,271
39.90544370663555,116.26706412661973,272
39.99730294424858,116.40330507564083,273
40.33441802715308,116.85555888524588,274
40.33184583695464,116.85448788687617,275
39.99757676084873,116.35418875585772,276
39.89963414966885,116.37183642462996,277
40.038990311953675,116.32566875966785,278
40.04918582178152,116.30732238857914,279
40.04958341265462,116.30371070907009,280
40.07324752258811,116.40690193311936,281
39.86528000610079,116.386060871009,282
39.86352042728161,116.39349575250881,283
40.075679064542214,116.31692541546462,284
39.9676490749081,116.10126258706458,285
39.96129060083,116.10374644418586,286
39.92566506792394,116.15379581547894,287
39.922145515113634,116.33572407332879,288
39.93370655261628,116.34683230633841,289
40.016781060277594,116.34140375344809,290
39.93652152003743,116.33942089374962,291
40.06310171168402,116.40316054701925,292
40.02958875753267,116.3394119280819,293
39.84587005746888,116.3733961325497,294
39.894614352066256,116.16650156254843,295
39.91076284577912,116.3590102587359,296
40.01399975617463,116.34554763238471,297
39.88180107585689,116.3726016032745,298
40.00957566560489,116.34581054571746,299
39.94002763127962,116.43621858015656,300
39.96828159474024,116.39479265976316,301
39.9803545177733,116.41030327599739,302
40.0549891669487,116.32207886467727,303
39.931215237478696,116.34347438118417,304
39.991908679747745,116.35866663215855,305
39.91113055279121,116.35330731193454,306
39.96695044251867,116.3773704171242,307
40.029520957442614,116.33356142495198,308
39.904576512642855,116.45378441748849,309
39.98560473497354,116.38107896944443,310
40.930782036129024,117.32826117303236,311
40.899880140366044,117.33388331504489,312
40.05612645638647,116.40776977412216,313
40.02246354550517,116.35155099686072,314
39.95996983873544,116.40187246892329,315
40.01390831883735,116.35041830436398,316
39.911725462882465,116.45444122284829,317
39.89148889548471,116.17254074569962,318
39.931075296861465,116.2752900930736,319
39.89178985681764,116.4546606467706,320
39.938562012659816,116.43005114176304,321
40.03113530528142,116.35108071565398,322
39.958941154449704,116.45928339101017,323
39.95601788942509,116.36892339810797,324
39.85835528572794,116.38748794744986,325
39.86050265846263,116.38592168579352,326
39.86037758279285,116.38039648051927,327
39.99748967926174,116.26373760721773,328
39.919776182898445,116.39103988164474,329
39.91640362165599,116.39077946574379,330
39.86382859230138,116.3832140886459,331
39.88769484828521,116.3533002611041,332
39.93815371446449,116.34147445788582,333
39.88232584012488,116.41120652616584,334
39.87441205128063,116.4524695754504,335
39.9938138041857,116.27438318890276,336
40.35533232557956,116.00879463284842,337
40.35986066056501,116.01454983845537,338
40.073420471379514,116.32818617268342,339
29.727015999712698,115.98710169216409,340
46.621267852694544,124.91693407633193,341
46.59541530829129,125.02864774523549,342
46.598067089841564,125.00590142908894,343
46.637314108082485,124.90113436583704,344
46.64554337214181,124.89367806153139,345
39.96571098138679,116.37452088093744,346
39.96144012722184,116.33709731124682,347
39.86621127914671,116.48892770766696,348
39.90504969586619,116.36615629377553,349
40.00904250720223,116.46258706358223,350
39.943392130498054,116.31858576272498,351
39.81966889790014,116.28167346516308,352
40.069268519989286,116.35423145430286,353
39.95119635310041,116.40172069148961,354
40.027387711456846,116.34576006408511,355
39.97582480739149,116.45719648701858,356
40.05804610966045,116.4039496847087,357
40.04284402310435,116.4051037101416,358
39.93263242867377,116.45660127670018,359
39.93249457092786,116.47711599864685,360
39.932332076281135,116.47161042257687,361
39.93274512823118,116.44933447019494,362
22.818999650257734,108.34336079045708,363
22.81458138951933,108.36072816837702,364
22.81361818989912,108.3626260349328,365
22.813843833273413,108.33381412487361,366
22.815996618624155,108.33176563106086,367
22.802857978038737,108.32871852966127,368
22.80481845099463,108.32647916689912,369
22.812084296241817,108.32512987552576,370
22.817686285679407,108.32295663896016,371
22.811106259251293,108.33209916111544,372
39.95688401778586,116.28302839356151,373
40.03961147858994,116.32217052566651,374
39.86339422202459,116.38886586197903,375
40.03664292746864,116.33383423580368,376
40.36588449490985,116.68222245432972,377
40.06438278196878,116.56618019494552,378
39.922653172606225,116.31190946052084,379
40.377078157557186,115.8948079807111,380
40.37184890775147,115.90256823864351,381
40.44481324212479,115.79000099075131,382
40.385044407385585,115.89552369248851,383
39.888793887833934,116.23559599760218,384
39.89068153857373,116.23554901350798,385
40.06864408787759,116.56099145359127,386
39.53419061274574,116.73262732141706,387
40.21167543678142,116.12822836069968,388
39.85100371810907,116.4039090330129,389
40.45746456117258,115.96940400982045,390
40.03757550755051,116.33582001013889,391
39.863413119954814,116.39065983957985,392
40.02896227908882,116.5213545110419,393
40.02126108915528,116.30794730541,394
40.360492834313426,116.66621965281382,395
40.02712893602042,116.3071734791472,396
39.93786599464545,116.1894490957194,397
40.07672872041439,116.32511243813352,398
39.99408483406622,116.30747796573857,399
31.591953379618463,120.3101990251088,400
31.56781821917919,120.30385971950443,401
31.592119561788,120.30742201417448,402
31.588037966033507,120.30108381515286,403
31.579045056066896,120.2947204823729,404
31.578333598632433,120.29673103941512,405
31.58478944152152,120.32277656697089,406
18.251228300054123,109.5006745887843,407
18.259301029780804,109.4919530313476,408
18.24019632809389,109.50391794595186,409
40.00267605809524,116.26799578682542,410
40.051961039373396,116.2924107786834,411
40.0890705364468,116.11129521455804,412
39.99601827361126,116.29476442945705,413
39.92302527341572,116.43268129407618,414
40.36038725581679,116.61171403324393,415
39.94671289727117,116.40195497077457,416
40.03628716212744,116.3042623039164,417
31.232222103768603,121.45742881159288,418
31.23783097793022,121.50131126136048,419
30.55024384052363,114.2928647933342,420
39.9443675225006,116.40136131260633,421
39.948245700486424,116.4040182554707,422
38.87406180531237,121.55298896334632,423
38.82405579360092,121.25935265629175,424
39.98675400818607,116.39699500895999,425
40.02163596042521,116.31526255227482,426
40.025182783134184,116.30885974414058,427
37.78785792976174,112.59646831834783,428
39.936677563318476,116.39684016014654,429
40.030888133351105,116.30620423823261,430
39.89722915804674,116.4165875379286,431
39.991845020607386,116.3628328754227,432
39.90272659594235,116.26322967999332,433
33.31237447698985,116.2984601550241,434
41.78650896201435,117.88646401232627,435
39.939622595940804,116.30031028914405,436
39.930895705538305,116.31777804498641,437
39.948584454096654,116.26655993766144,438
39.88014218042771,116.30478572752595,439
39.875277432455135,116.3042055091784,440
39.86346926794545,116.35995354412323,441
39.869767641649695,116.38936881597279,442
39.79791924501712,116.5186232820246,443
38.98070865550886,116.09688061414556,444
38.97904529890684,116.10036138967712,445
38.96824872004258,116.120445186606,446
38.97013627424769,116.1167903124311,447
39.951536816083326,116.79899570177429,448
39.947010734444774,116.78616919786165,449
39.870979372904614,116.36322314909657,450
39.974785972969066,116.30777749616972,451
39.96102807364575,116.44507916112835,452
39.914034357115376,116.40074329296799,453
39.967894096722794,116.33725264678993,454
39.94131221733175,116.79008335058784,455
39.98761454109782,116.35569390733644,456
39.907564781015004,116.4665664310525,457
40.148119640289096,117.12343160464471,458
39.8539646000832,116.40407286042901,459
39.906787725444524,116.45847454084485,460
39.951212645916435,116.36184295616657,461
39.98782422389678,116.4060405533302,462
39.98060555975015,116.7010421409452,463
39.94564462238979,116.6554166625504,464
40.02889492325331,116.34182244132658,465
40.020018275621624,116.27574390593372,466
40.03277847821709,116.35575825325928,467
40.08715451920055,116.31392722262376,468
39.99611795204331,116.28693273074659,469
40.08362651064285,116.32167404223762,470
39.794897750984,116.2871183286044,471
39.88320619635985,116.46135666268121,472
39.88312531769558,116.45335865937462,473
39.864756422575276,116.43876288288669,474
39.88310552381133,116.45720129284055,475
39.878305936375135,116.46172134739014,476
39.95960195512791,116.4160074256921,477
39.92806056762166,116.33471367075052,478
39.92265427440978,116.30794964715373,479
39.71812546330579,116.32279803856778,480
39.93175116569469,116.32636968213518,481
39.931278819702015,116.32109572435785,482
39.930933282570315,116.31429554892263,483
40.013468556647766,116.29697653287015,484
39.971962809199965,116.3172310250402,485
40.030291369787776,116.36002906022294,486
22.565986042922884,113.89773052027856,487
22.564514675694102,113.90124205822892,488
40.54245660514138,116.79569768890829,489
39.941725139328284,116.3178564551502,490
40.000388553398096,116.37283344144917,491
40.01534247763538,116.36368743537028,492
39.98920899170648,116.17988170287474,493
39.989381685556516,116.17595814575404,494
39.99495907513275,116.18774900289395,495
39.978534992558146,116.34690409697673,496
40.063482456675324,116.09812204837097,497
39.90609979194417,116.37104891829902,498
39.90920897533171,116.34684051028094,499
39.920335278323435,116.3464741391168,500
39.88600934813688,116.30951678725955,501
39.82701197856316,116.06513501858896,502
39.94557562214047,116.35062898549947,503
39.9209903560896,116.44118230892319,504
39.965472985464,116.3249163498382,505
35.80632400547769,116.77446957215548,506
39.9810782461111,116.25569286322656,507
39.964517445261166,116.26912916590547,508
39.871097061423605,116.38391356731647,509
39.96786415510228,116.42974933921683,510
39.9201460907813,116.34258894044413,511
40.03682892020096,116.34371101674385,512
39.94806353269096,116.24353228852765,513
39.85392294559458,116.34847711641692,514
39.9159523252163,116.46327931017531,515
39.92010114072942,116.31184887622074,516
39.95624933984245,116.32864758211123,517
39.99853266457461,116.38578683375192,518
40.522881223431725,115.96403635193768,519
40.46082815358827,115.97849839372276,520
39.94254164974609,116.32048097580132,521
39.877407087618074,116.45503407119999,522
39.69710504790656,119.32989597756594,523
39.958413136482505,116.26985088521904,524
39.95683819898519,116.27531093843065,525
39.95819401407463,116.41216776556888,526
39.910541461054876,116.18792939655782,527
39.8833198389388,116.46705703976224,528
39.99845661344972,116.35823505565378,529
40.02756314805092,116.33172825219901,530
40.00223792343985,116.35573776998757,531
39.994661587890896,116.35932437200138,532
39.91145609613389,116.31536911092579,533
39.91731502136759,116.31252708094912,534
39.97358876720584,116.48833795490926,535
40.07189629018409,116.41654379108752,536
40.073089477952735,116.41090690565053,537
39.90596559716493,116.24839303619711,538
39.90673733956356,116.25872080522392,539
39.88865127967703,116.304065229857,540
39.85957439272241,116.25772011235101,541
40.02732295448114,116.28886962310604,542
39.903369624469576,116.2586311349385,543
39.90147909012253,116.30403214534948,544
39.95213845305182,116.34160267653183,545
39.88391279765642,116.25890075971314,546
39.67305581995782,116.30764232570074,547
39.883541123859445,116.26060162256292,548
39.64363387561744,116.65396897371596,549
39.84716210885162,116.27648974497941,550
39.84952840181687,116.27802771468596,551
39.86985457375557,116.4537588505452,552
39.83440664493195,116.30619047986549,553
39.92296713776959,116.28023947882333,554
39.866093472434336,116.26311305329655,555
39.88155768877806,116.45455442288298,556
39.891968734200475,116.25910110709532,557
39.88740275291193,116.67941599901606,558
40.13834135674709,117.12278378558021,559
39.92482989929849,116.23234486801519,560
39.923516856513636,116.41130837267633,561
39.858457717106646,116.41710929410738,562
40.36885759292535,116.84018135068308,563
39.874481388970494,116.23522510745427,564
39.91732453562119,116.45713438508967,565
40.362445942361305,116.63443858486714,566
39.908269592821426,119.5638677335,567
30.796565579389537,106.06921128360123,568
39.79363792132447,116.28469713193122,569
39.68904548842618,116.33567181912511,570
39.690547145527105,116.32388942667635,571
39.90459834085941,116.2633451025157,572
39.69149796650445,116.33302661643812,573
39.69583798595049,116.33124190923529,574
39.86482000485782,116.56149912395456,575
39.698589577719794,116.3313884194115,576
39.701031106247925,116.3328586518576,577
39.91240496418302,116.44808705475262,578
39.69122157863968,116.32266078157429,579
39.86524921248147,116.53995154676115,580
39.941879374638965,116.36981511203135,581
39.929953062703476,116.44453454215189,582
39.806949936861365,116.54192232539792,583
39.99297437093596,116.37316866444917,584
31.840935794040593,117.2516716894143,585
39.90592852929964,116.3827560096188,586
39.98727954782769,116.40877827602756,587
40.70020913774621,117.159535277194,588
40.96756533738944,117.93102378815905,589
40.9951841172341,117.93886880710272,590
40.981457638189006,117.93521661667708,591
40.987989372706636,117.9376832992676,592
39.877350083046906,116.36983273169238,593
39.95814194116874,116.27700278505526,594
39.869804088967406,116.27274887886522,595
39.90597051179427,116.63856235804354,596
39.9914228971553,116.21825122131075,597
39.99065902943928,116.17245247736783,598
39.9226758997018,116.38305378445706,599
40.355098156638036,116.00398818522038,600
38.04215427274445,114.48563039131132,601
30.921993327216086,117.82117783724186,602
36.45868491946656,115.93770534510934,603
39.987663456630514,116.35272113558273,604
39.92455058732582,116.41870893926034,605
39.99014772406058,116.3603119152567,606
36.03412485590237,103.83276847094491,607
39.94755060195204,116.41423149137361,608
40.00005762111358,116.37940280066205,609
39.91276809628294,116.40534915650106,610
39.93933885932333,116.39233539297484,611
40.03039970552903,116.40942065519236,612
40.03133944471683,116.41353994026886,613
40.0271214894281,116.41188279073272,614
39.13198166985578,117.17803538149147,615
39.13247466559806,117.20062119704077,616
40.00243039381443,116.41120071519526,617
43.90683757293053,125.31504295195109,618
43.84720866486628,125.28897448317669,619
39.819789973505145,119.48145010546523,620
39.81420112980272,119.47800292557979,621
39.812269923211836,119.48352938488286,622
39.87974365340815,116.27244163788157,623
30.603384278474106,121.13150374510698,624
39.98897412092212,116.17224341489846,625
39.98877826666666,116.19875436666666,626
39.988409769655426,116.19745079405457,627
39.9851190677137,116.46220792312315,628
40.004989941193124,116.4615969149115,629
40.05241490741771,116.40043994123195,630
39.99224590223799,116.18206575525494,631
39.992326940889136,116.17976640230023,632
39.99043297958962,116.39191511655626,633
39.999369808325625,116.3061913070942,634
39.896340861801136,116.32871693499581,635
39.98854181371735,116.39308655296884,636
39.988132204761904,116.39545694880952,637
39.82130394429048,119.4776841189047,638
39.85031725764111,119.41598905064905,639
40.009238627434556,119.7539779045011,640
39.932456674917134,116.39657668105984,641
39.91485957301195,116.46450915168165,642
39.93868099610386,116.4494519736021,643
31.841519132310882,117.24847857402064,644
31.841187678813895,117.25447015017166,645
36.58045983532521,116.25173748759417,646
36.57607340864398,116.23587023659296,647
39.9907636511446,116.40233324541305,648
39.88216056719579,116.42869065300428,649
39.96322690538161,116.38821091082637,650
40.004145278777095,119.91063295554325,651
39.9438803893699,116.2980539885336,652
39.97942480898045,116.29624804665941,653
39.904343717265796,116.02437406103375,654
39.78222082469814,116.48951786306257,655
39.87183056741754,116.2341548031112,656
33.791963561153565,119.78020201327567,657
31.30429711913898,121.0882623966974,658
30.317646644949484,120.35119542762075,659
39.985154907461045,116.48689405368155,660
39.98378287265098,116.48960923649736,661
39.91067151850181,116.42532633728932,662
39.88180877008436,116.39359563169049,663
39.907476344298466,116.3175295909992,664
39.9425335415937,116.37837308936378,665
39.153067407037035,117.18147080481481,666
39.81655529033974,119.48292859580238,667
39.91498238204314,116.45479443568496,668
39.980489455499814,116.41401263098338,669
39.93548024221003,116.42010583478947,670
39.97850161314586,116.41811951816516,671
39.899038616880944,116.34078281326924,672
39.99604359700896,116.41750438870199,673
39.95866517922503,116.43450787468116,674
39.97627337475935,116.41793534863102,675
39.96352775186184,116.41877262796993,676
39.928069994974564,116.49793447388925,677
39.98963928243515,116.42025384254099,678
30.54574523426514,114.29306106401624,679
40.03457735376191,116.30146060018036,680
39.98745779622535,116.41199000908951,681
39.98788417285929,116.43137485335289,682
39.963770601851856,119.58613888888878,683
39.997248711434864,116.20251060059046,684
39.9990423253348,116.20235377900492,685
39.9181312679345,116.30042147607632,686
39.91783396176402,116.30818916343824,687
40.55980820031766,116.78831949404399,688
40.5925611708812,116.78013405850726,689
39.86074052897722,116.49372358982123,690
28.664526908397264,115.91449807013221,691
40.01432702159526,116.54341002964459,692
40.016434960934085,116.54217557584006,693
40.017339587058224,116.53957848461287,694
40.04693768078793,116.33329249624704,695
40.07535179562653,116.58843928800025,696
47.62975280743001,-122.13670542956586,697
47.63251601003823,-122.14078225145343,698
47.631142991693345,-122.14076217107547,699
47.65363684407452,-122.13491215252338,700
47.642054988900135,-122.14212440802973,701
48.092383368089045,-122.18635847643786,702
39.93486978848111,116.43061298591074,703
39.93727664341737,116.47367583930907,704
39.90801671890768,116.41116510531873,705
39.97531015822814,116.4110331121315,706
39.9772153028713,116.40409313261488,707
39.982703509588994,116.29554217951416,708
39.9476748729851,116.36872044707327,709
39.938287828250374,116.43283514048247,710
39.99289382173561,116.40117442173741,711
39.89987538748549,116.33607641568061,712
34.247565162486,108.96403999881618,713
34.2439480918772,108.92512296418269,714
39.53773941469302,116.69462234132992,715
39.88769200445033,116.37768510521475,716
40.06858216437539,116.02471637175738,717
39.940287397573506,116.3039352375979,718
39.94233733018518,116.30454749736772,719
39.94288786606353,116.30649812900484,720
39.86485363667148,116.34667978122502,721
39.90398521493864,116.33699924675636,722
39.90393964813945,116.33500352456961,723
40.066234045062814,116.14344587930478,724
41.01425388980558,117.94653779664348,725
41.00834605912836,117.92780097388086,726
41.011615943410625,117.927956118115,727
39.98806498843266,116.4762776165737,728
40.021886399192205,116.29301185311611,729
40.03876752628795,116.34691613686782,730
40.08626512226209,116.32646873559406,731
39.95836009746947,116.329098946815,732
39.96376241519056,116.4373853584498,733
39.97183670147682,116.37676801544262,734
40.087962461029974,116.30577633960829,735
40.08916627218412,116.29950473418535,736
39.99290048155636,116.38114758220033,737
40.0743298443722,116.31363738163074,738
39.976651756354904,116.35611924479844,739
39.92646548741842,116.41112278552279,740
32.516587186695524,120.14141524761902,741
32.508751656428565,120.14703962341268,742
39.96784673083124,116.29516965510025,743
39.93042451329783,116.29798707022168,744
39.92775308083606,116.29758688208256,745
39.98657837888817,116.3875984275032,746
40.019325789351306,116.36850770515616,747
40.01603271768387,116.36956782519053,748
39.99322063718805,116.38991827220063,749
40.66171078683334,117.27582530127142,750
40.658937726809626,117.28262271186479,751
39.89965962901104,116.02461719932558,752
40.00007900279336,116.35712248404202,753
39.98613313667768,116.18654128096442,754
39.91276173174871,116.6129712360941,755
40.07325068968267,116.32342431305308,756
39.954028036570776,116.49318786424612,757
39.972466435753724,116.48369167147185,758
39.92758957522158,116.47173209739339,759
39.996442503459136,116.38207857986909,760
39.900342365501814,116.39555373990203,761
39.102395990683796,117.21683883697295,762
39.91540624744041,116.44455781247997,763
39.907132759426155,116.4651152407146,764
39.99932759041492,116.38748468921372,765
39.959802070378956,116.49170467186391,766
39.96826281834694,116.3996381071158,767
39.98947184033808,116.18307523581852,768
39.99232218412813,116.18633505875069,769
22.54030865212375,113.972829136825,770
39.94618814528612,116.41109432680742,771
40.12759452189113,116.13727634200922,772
40.13766646462046,116.13761615088528,773
34.27035843294699,108.92706707760496,774
34.27043557951236,108.9323694940215,775
40.00986667533253,116.37173860817795,776
40.008984186622776,116.37486212505945,777
40.010124769822035,116.37641262145048,778
25.737090565994976,112.72890086120132,779
39.96252882511134,116.39952396610855,780
41.79957652829542,117.82164483346693,781
39.98852850376524,116.38145033995622,782
40.005690888778474,116.41032620826114,783
39.8150682800486,119.51323793198765,784
39.82193364266763,119.48603165394708,785
40.23847034903102,115.97155437616716,786
39.98367231236772,116.38683326009989,787
39.82650962649744,119.4995421410157,788
39.825815687159256,119.49780882417504,789
39.97663707584486,116.45341163444405,790
40.10223814817636,116.08958341581688,791
40.11471131566368,116.08121173420481,792
40.11665060861009,116.07911773041094,793
39.96760934059792,116.42498909497695,794
40.1785472282287,116.39373014057803,795
40.18103426315161,116.3950070046438,796
40.16451484538161,116.43862489664009,797
40.21228700011416,116.27177270572395,798
39.98949295507746,116.4568434603654,799
39.95456895087688,116.45506627574775,800
39.96920812782543,116.34469340082461,801
40.04199876030466,116.4281824306477,802
30.252672318775996,120.16387928550209,803
30.252345318012733,120.1598490552232,804
30.232736011904763,120.14454196428571,805
39.91623990724067,116.42905169468445,806
32.97921838614777,114.03699213520521,807
32.97188030153283,114.01431590941779,808
40.128327615521755,116.32738161066379,809
40.129824025763064,116.3347495979252,810
39.87430132857742,116.65956283105011,811
40.01268204863256,116.56116108546728,812
39.90435526493906,116.46820131502504,813
40.08162998582796,116.29998486657469,814
39.988242999334865,116.04771200895323,815
40.252017826323346,116.26893017018241,816
22.293301002958902,114.16961091352967,817
22.293505369623617,114.17517226059519,818
39.94494054160885,116.42794597305196,819
26.321056771194993,116.34059434343624,820
39.90200721203731,116.47213125424109,821
47.409946076172794,-121.41312014060529,822
47.40995897145262,-121.41515676385467,823
47.61220877586914,-122.19797158832475,824
39.99747675136065,116.20737582630764,825
40.128343638389254,116.33588121875903,826
39.99668143958331,116.38974747532738,827
39.85119849691046,116.47402522809375,828
40.06700189566629,116.02474481182736,829
40.50075477387029,116.81588925239366,830
40.00995893442584,116.45959774955499,831
42.52577882775662,117.22947222933898,832
42.53576232716419,117.13657998681798,833
42.57935594675636,117.13715185273777,834
40.98364887480036,117.93678785379198,835
39.90483227331286,116.47122825382772,836
39.76009423919826,117.33009730154083,837
42.026826014973615,128.06712787369332,838
40.24478690935125,117.14902145277317,839
39.923235929505836,116.39059440591313,840
40.02305278171275,116.43479100239223,841
40.0271057662854,116.43504031187369,842
39.948892840647744,116.44067034898718,843
39.99573227126351,116.51424175354734,844
26.33584017764655,116.34011008170738,845
39.75724966544661,116.34965775332947,846
39.944079069232956,116.41079097068898,847
29.87378545901717,121.55072409817477,848
29.861616060921772,121.57739856991024,849
24.73661725548889,118.14008902687759,850
27.129659029204657,114.98995450417996,851
39.934537092265295,116.47550787943368,852
39.9368449802689,116.47719282908973,853
39.95398832320474,116.46213714732316,854
40.005684208628544,116.20105920762104,855
41.013961605654224,117.94499334616312,856
41.75451952829135,123.42885439115983,857
39.992108140335134,116.42575772648438,858
47.67064364593836,-122.11942109281641,859
47.681304554210946,-122.18124114839621,860
39.96870147578038,116.31677676917228,861
47.6273792721478,-122.14382449978805,862
1.2891038742104048,103.83676331469226,863
1.4038676747144714,103.78908494215264,864
1.4006410696068907,103.78969597684981,865
39.94323743795994,116.29909068833481,866
40.026495264853786,116.45144433685586,867
40.027818923940586,116.43231284774245,868
40.023855027601456,116.19677695495682,869
40.00932138467202,116.20338823761715,870
39.95602685642656,116.3972247540683,871
40.019544884025024,116.4469062064388,872
39.961589512451376,116.31357332685704,873
40.128389610398585,116.41475713798604,874
29.75466888896516,105.79374773105906,875
36.984937295736636,111.82067449553954,876
40.02638310423077,116.20144231884615,877
40.039849296016556,116.30636949085122,878
7.8791772348264,98.39527493893557,879
7.91947017555397,98.36904686647702,880
36.060981307636354,120.30630016284238,881
36.06846311725697,120.4378529400201,882
36.62297692519097,101.80680438021619,883
40.65875698067632,117.28877137198063,884
39.95685300480916,116.40116203727798,885
29.821705694044162,121.46299612504082,886
39.9918853085308,116.35179447200838,887
39.9761950826813,116.4551401463612,888
39.932253651670266,116.46150323862703,889
39.85454746577284,116.47124732198844,890
39.8564990595619,116.47468539553175,891
39.99941343529928,116.50277774031103,892
40.002775557740996,116.50764422138226,893
40.03091284743337,116.43287874755461,894
39.909032574726275,116.36403310085846,895
39.914275252844426,116.48644448270124,896
39.96703421776322,116.48241957309494,897
40.51754823781809,-3.899294254445927,898
40.51883684000698,-3.901334399116255,899
40.43119941928814,-3.716693150427255,900
41.302728837581505,2.0787842340122333,901
41.403613618283,2.173749951926055,902
41.41311549932495,2.1526219275199328,903
48.861549200029756,2.335763308307519,904
48.86094855773623,2.3376124907489437,905
48.87196183260212,2.3013596035512625,906
48.8672080309446,2.3077077228800564,907
43.69913663680586,7.264229300826469,908
43.69723772103733,7.270177202425665,909
43.70249113976241,7.267328326487655,910
43.70479110182975,7.261969614120397,911
43.697000577629005,7.264982049240163,912
43.69531477186611,7.265441342877493,913
43.77285774471219,11.25535499688772,914
43.7728815344385,11.263484286844918,915
43.98517496878229,11.21568633551485,916
43.7768025058385,11.252712346042337,917
43.76973502776576,11.255628782272213,918
39.93658401632965,116.3257296798837,919
39.90445590786747,116.45616958000824,920
39.915262162577186,116.44681423479037,921
39.991732887937474,116.4522448797047,922
39.906883284167726,116.40818239079283,923
39.93050967773508,116.47270401385681,924
39.99089555848405,116.4633624322803,925
39.975531714781205,116.44480844928285,926
39.946808677339156,116.35752382040816,927
39.97197393493078,116.44185130741161,928
39.99344295554978,116.46179501496303,929
43.886495710375115,125.31185269008596,930
39.77764927861687,116.45224445581682,931
40.04653374081065,116.43477765172032,932
40.341469739410215,115.9901031213069,933
40.34272295241952,115.99256409654208,934
40.35553478113865,115.98885157959211,935
40.04629446508789,116.42751699654377,936
39.9635200060265,116.29578363659152,937
42.58862991423105,117.14788909945484,938
31.184872846748778,121.46953777147382,939
31.183159190205412,121.47051568149584,940
31.18256353277856,121.47415320129316,941
37.353247746838036,-121.93664336140456,942
33.95163532928368,-118.386669791027,943
34.128965535997736,-118.34825019617243,944
33.6582519245194,-118.00349389724875,945
25.27589137308264,110.28576549075666,946
25.727695679516785,110.06738449742824,947
30.276540736394075,120.17643650783998,948
30.276038907777284,120.1746299409997,949
39.993354246412935,116.44927102561287,950
39.624805277549235,116.30551361399304,951
39.581317598317135,116.24079722962786,952
30.649896080271784,104.04669708151947,953
30.508541367260328,104.0506006659609,954
40.09812347937528,113.29522997215332,955
40.102551270152766,113.295584317264,956
39.00274206918352,113.58667681941726,957
39.99809998872579,116.39038440988197,958
40.03088514824719,116.42128588207098,959
36.12666592573122,-115.16934494115443,960
36.12146392362774,-115.17144463147243,961
33.94248894340573,-118.40581971599066,962
32.7168030938589,-117.16034312459047,963
32.710749405208155,-117.16814669942919,964
32.71367189739829,-117.17504734127651,965
32.712190559485265,-117.16349090862046,966
44.97405745343324,-93.22906356165161,967
30.168078940268952,120.30974316052023,968
30.750685446937286,120.48253565142011,969
30.753613173923338,120.47449317701596,970
24.45598146866127,118.07083560022295,971
24.45722300632079,118.06861217625969,972
24.44789671676876,118.06679736426231,973
24.444771238414777,118.06241156116819,974
24.446336467617574,118.06215882119182,975
24.456589247046995,118.0756737786705,976
24.443625661182267,118.09194979035274,977
24.435324289237812,118.09723231571343,978
27.652183199596333,117.94536207105382,979
27.64295885707394,117.96770846745945,980
39.98409865001207,116.4588115772574,981
22.278879743168954,114.17791151110026,982
22.24698484029853,114.1745988239471,983
22.233834968719208,114.17127508158319,984
22.23396839045763,114.16906186197555,985
22.23196442956592,114.17218561733458,986
24.78894491945855,120.99934883390824,987
23.003596622100314,120.15973411736267,988
23.50544987321662,120.69521992638381,989
23.516981798983682,120.8084653253866,990
23.517076757261705,120.81079327873933,991
25.035655199582393,121.56295189964469,992
39.854073769926416,116.43291958168103,993
13.367137995872616,103.850581886722,994
13.41244494581967,103.86051115062759,995
26.89648476024931,112.60835892450173,996
26.92052830506041,112.60745565523564,997
42.35392861753679,-71.10478165878934,998
39.86506832402046,116.34907992744773,999
34.43982998341343,107.89947893431172,1000
34.261439985746385,108.95308783299375,1001
34.3851107290172,109.27520596621346,1002
61.217176640584604,-149.87607540600047,1003
32.923911357808855,117.38736669871801,1004
32.94615172594074,117.3585874381452,1005
29.017411353940116,115.80670516902963,1006
